"","wkkey","prodkey","choice","avaind","brand2","brand3","brand4","price"
"1",1,1,0,0,0,0,0,2
"2",1,2,450,1,1,0,0,3
"3",1,3,36,1,0,1,0,4
"4",1,4,14,1,0,0,1,5
"445",2,1,365,1,0,0,0,2
"446",2,2,116,1,1,0,0,3
"447",2,3,0,0,0,1,0,6
"448",2,4,19,1,0,0,1,4
"889",3,1,41,1,0,0,0,3
"890",3,2,38,1,1,0,0,6
"891",3,3,0,0,0,1,0,5
"892",3,4,421,1,0,0,1,2
"1333",4,1,0,0,0,0,0,5
"1334",4,2,461,1,1,0,0,2
"1335",4,3,6,1,0,1,0,6
"1336",4,4,33,1,0,0,1,3
"1777",5,1,442,1,0,0,0,3
"1778",5,2,0,0,1,0,0,4
"1779",5,3,46,1,0,1,0,5
"1780",5,4,12,1,0,0,1,6
"1825",6,1,30,1,0,0,0,3
"1826",6,2,66,1,1,0,0,4
"1827",6,3,404,1,0,1,0,2
"1828",6,4,0,0,0,0,1,5
"1869",7,1,42,1,0,0,0,5
"1870",7,2,0,0,1,0,0,2
"1871",7,3,40,1,0,1,0,6
"1872",7,4,418,1,0,0,1,4
"1913",8,1,359,1,0,0,0,3
"1914",8,2,118,1,1,0,0,4
"1915",8,3,23,1,0,1,0,5
"1916",8,4,0,0,0,0,1,6
"1957",9,1,29,1,0,0,0,5
"1958",9,2,0,0,1,0,0,2
"1959",9,3,68,1,0,1,0,4
"1960",9,4,403,1,0,0,1,3
"5",10,1,0,0,0,0,0,5
"6",10,2,452,1,1,0,0,2
"7",10,3,47,1,0,1,0,3
"8",10,4,1,1,0,0,1,6
"49",11,1,365,1,0,0,0,3
"50",11,2,65,1,1,0,0,5
"51",11,3,0,0,0,1,0,2
"52",11,4,70,1,0,0,1,4
"93",12,1,12,1,0,0,0,5
"94",12,2,0,0,1,0,0,3
"95",12,3,480,1,0,1,0,2
"96",12,4,8,1,0,0,1,6
"137",13,1,435,1,0,0,0,2
"138",13,2,46,1,1,0,0,6
"139",13,3,0,0,0,1,0,4
"140",13,4,19,1,0,0,1,5
"181",14,1,10,1,0,0,0,6
"182",14,2,97,1,1,0,0,5
"183",14,3,393,1,0,1,0,4
"184",14,4,0,0,0,0,1,3
"225",15,1,398,1,0,0,0,2
"226",15,2,0,0,1,0,0,4
"227",15,3,20,1,0,1,0,6
"228",15,4,82,1,0,0,1,3
"269",16,1,0,0,0,0,0,6
"270",16,2,460,1,1,0,0,2
"271",16,3,29,1,0,1,0,3
"272",16,4,11,1,0,0,1,4
"313",17,1,0,0,0,0,0,6
"314",17,2,78,1,1,0,0,3
"315",17,3,405,1,0,1,0,2
"316",17,4,17,1,0,0,1,4
"357",18,1,414,1,0,0,0,2
"358",18,2,65,1,1,0,0,5
"359",18,3,21,1,0,1,0,6
"360",18,4,0,0,0,0,1,4
"401",19,1,0,0,0,0,0,4
"402",19,2,109,1,1,0,0,3
"403",19,3,8,1,0,1,0,6
"404",19,4,383,1,0,0,1,2
"449",20,1,392,1,0,0,0,2
"450",20,2,0,0,1,0,0,4
"451",20,3,94,1,0,1,0,3
"452",20,4,14,1,0,0,1,5
"493",21,1,440,1,0,0,0,2
"494",21,2,0,0,1,0,0,3
"495",21,3,15,1,0,1,0,6
"496",21,4,45,1,0,0,1,4
"537",22,1,9,1,0,0,0,6
"538",22,2,475,1,1,0,0,3
"539",22,3,0,0,0,1,0,2
"540",22,4,16,1,0,0,1,5
"581",23,1,403,1,0,0,0,3
"582",23,2,81,1,1,0,0,5
"583",23,3,16,1,0,1,0,6
"584",23,4,0,0,0,0,1,4
"625",24,1,400,1,0,0,0,3
"626",24,2,0,0,1,0,0,6
"627",24,3,35,1,0,1,0,5
"628",24,4,65,1,0,0,1,4
"669",25,1,20,1,0,0,0,5
"670",25,2,0,0,1,0,0,4
"671",25,3,465,1,0,1,0,3
"672",25,4,15,1,0,0,1,6
"713",26,1,3,1,0,0,0,5
"714",26,2,491,1,1,0,0,2
"715",26,3,0,0,0,1,0,4
"716",26,4,6,1,0,0,1,6
"757",27,1,12,1,0,0,0,6
"758",27,2,0,0,1,0,0,5
"759",27,3,75,1,0,1,0,4
"760",27,4,413,1,0,0,1,3
"801",28,1,444,1,0,0,0,3
"802",28,2,0,0,1,0,0,4
"803",28,3,26,1,0,1,0,6
"804",28,4,30,1,0,0,1,5
"845",29,1,5,1,0,0,0,6
"846",29,2,484,1,1,0,0,3
"847",29,3,11,1,0,1,0,5
"848",29,4,0,0,0,0,1,2
"893",30,1,382,1,0,0,0,3
"894",30,2,52,1,1,0,0,6
"895",30,3,0,0,0,1,0,2
"896",30,4,66,1,0,0,1,4
"937",31,1,8,1,0,0,0,6
"938",31,2,458,1,1,0,0,3
"939",31,3,34,1,0,1,0,4
"940",31,4,0,0,0,0,1,5
"981",32,1,0,0,0,0,0,2
"982",32,2,448,1,1,0,0,3
"983",32,3,49,1,0,1,0,4
"984",32,4,3,1,0,0,1,6
"1025",33,1,6,1,0,0,0,6
"1026",33,2,80,1,1,0,0,4
"1027",33,3,0,0,0,1,0,3
"1028",33,4,414,1,0,0,1,2
"1069",34,1,0,0,0,0,0,6
"1070",34,2,67,1,1,0,0,4
"1071",34,3,21,1,0,1,0,5
"1072",34,4,412,1,0,0,1,2
"1113",35,1,0,0,0,0,0,5
"1114",35,2,452,1,1,0,0,3
"1115",35,3,43,1,0,1,0,4
"1116",35,4,5,1,0,0,1,6
"1157",36,1,434,1,0,0,0,3
"1158",36,2,0,0,1,0,0,2
"1159",36,3,37,1,0,1,0,6
"1160",36,4,29,1,0,0,1,5
"1201",37,1,0,0,0,0,0,5
"1202",37,2,97,1,1,0,0,4
"1203",37,3,387,1,0,1,0,3
"1204",37,4,16,1,0,0,1,6
"1245",38,1,10,1,0,0,0,6
"1246",38,2,0,0,1,0,0,2
"1247",38,3,441,1,0,1,0,3
"1248",38,4,49,1,0,0,1,4
"1289",39,1,15,1,0,0,0,5
"1290",39,2,49,1,1,0,0,6
"1291",39,3,436,1,0,1,0,3
"1292",39,4,0,0,0,0,1,4
"1337",40,1,2,1,0,0,0,5
"1338",40,2,461,1,1,0,0,2
"1339",40,3,37,1,0,1,0,3
"1340",40,4,0,0,0,0,1,4
"1381",41,1,34,1,0,0,0,4
"1382",41,2,457,1,1,0,0,3
"1383",41,3,9,1,0,1,0,6
"1384",41,4,0,0,0,0,1,5
"1425",42,1,17,1,0,0,0,5
"1426",42,2,0,0,1,0,0,6
"1427",42,3,470,1,0,1,0,2
"1428",42,4,13,1,0,0,1,4
"1469",43,1,14,1,0,0,0,5
"1470",43,2,0,0,1,0,0,6
"1471",43,3,457,1,0,1,0,2
"1472",43,4,29,1,0,0,1,4
"1513",44,1,0,0,0,0,0,4
"1514",44,2,51,1,1,0,0,5
"1515",44,3,442,1,0,1,0,2
"1516",44,4,7,1,0,0,1,6
"1557",45,1,6,1,0,0,0,6
"1558",45,2,0,0,1,0,0,4
"1559",45,3,477,1,0,1,0,2
"1560",45,4,17,1,0,0,1,5
"1601",46,1,0,0,0,0,0,4
"1602",46,2,479,1,1,0,0,3
"1603",46,3,10,1,0,1,0,6
"1604",46,4,11,1,0,0,1,5
"1645",47,1,27,1,0,0,0,5
"1646",47,2,51,1,1,0,0,6
"1647",47,3,0,0,0,1,0,3
"1648",47,4,422,1,0,0,1,2
"1689",48,1,404,1,0,0,0,2
"1690",48,2,33,1,1,0,0,6
"1691",48,3,0,0,0,1,0,5
"1692",48,4,63,1,0,0,1,3
"1733",49,1,0,0,0,0,0,2
"1734",49,2,71,1,1,0,0,5
"1735",49,3,421,1,0,1,0,3
"1736",49,4,8,1,0,0,1,6
"1781",50,1,0,0,0,0,0,2
"1782",50,2,478,1,1,0,0,3
"1783",50,3,7,1,0,1,0,6
"1784",50,4,15,1,0,0,1,5
"1789",51,1,17,1,0,0,0,4
"1790",51,2,58,1,1,0,0,5
"1791",51,3,0,0,0,1,0,3
"1792",51,4,425,1,0,0,1,2
"1793",52,1,0,0,0,0,0,5
"1794",52,2,55,1,1,0,0,4
"1795",52,3,50,1,0,1,0,3
"1796",52,4,395,1,0,0,1,2
"1797",53,1,397,1,0,0,0,2
"1798",53,2,0,0,1,0,0,4
"1799",53,3,91,1,0,1,0,3
"1800",53,4,12,1,0,0,1,5
"1801",54,1,57,1,0,0,0,3
"1802",54,2,0,0,1,0,0,4
"1803",54,3,18,1,0,1,0,6
"1804",54,4,425,1,0,0,1,2
"1805",55,1,2,1,0,0,0,6
"1806",55,2,482,1,1,0,0,2
"1807",55,3,16,1,0,1,0,4
"1808",55,4,0,0,0,0,1,3
"1809",56,1,408,1,0,0,0,2
"1810",56,2,59,1,1,0,0,5
"1811",56,3,0,0,0,1,0,3
"1812",56,4,33,1,0,0,1,4
"1813",57,1,10,1,0,0,0,5
"1814",57,2,484,1,1,0,0,3
"1815",57,3,0,0,0,1,0,4
"1816",57,4,6,1,0,0,1,6
"1817",58,1,366,1,0,0,0,3
"1818",58,2,117,1,1,0,0,4
"1819",58,3,0,0,0,1,0,2
"1820",58,4,17,1,0,0,1,5
"1821",59,1,363,1,0,0,0,2
"1822",59,2,126,1,1,0,0,3
"1823",59,3,0,0,0,1,0,6
"1824",59,4,11,1,0,0,1,4
"1829",60,1,3,1,0,0,0,6
"1830",60,2,487,1,1,0,0,2
"1831",60,3,10,1,0,1,0,5
"1832",60,4,0,0,0,0,1,3
"1833",61,1,26,1,0,0,0,5
"1834",61,2,66,1,1,0,0,6
"1835",61,3,408,1,0,1,0,4
"1836",61,4,0,0,0,0,1,2
"1837",62,1,0,0,0,0,0,5
"1838",62,2,67,1,1,0,0,4
"1839",62,3,428,1,0,1,0,2
"1840",62,4,5,1,0,0,1,6
"1841",63,1,0,0,0,0,0,5
"1842",63,2,445,1,1,0,0,2
"1843",63,3,45,1,0,1,0,3
"1844",63,4,10,1,0,0,1,4
"1845",64,1,0,0,0,0,0,5
"1846",64,2,480,1,1,0,0,2
"1847",64,3,6,1,0,1,0,6
"1848",64,4,14,1,0,0,1,4
"1849",65,1,0,0,0,0,0,4
"1850",65,2,48,1,1,0,0,6
"1851",65,3,29,1,0,1,0,5
"1852",65,4,423,1,0,0,1,3
"1853",66,1,19,1,0,0,0,4
"1854",66,2,472,1,1,0,0,3
"1855",66,3,9,1,0,1,0,6
"1856",66,4,0,0,0,0,1,5
"1857",67,1,0,0,0,0,0,4
"1858",67,2,44,1,1,0,0,5
"1859",67,3,64,1,0,1,0,3
"1860",67,4,392,1,0,0,1,2
"1861",68,1,21,1,0,0,0,5
"1862",68,2,0,0,1,0,0,6
"1863",68,3,434,1,0,1,0,3
"1864",68,4,45,1,0,0,1,4
"1865",69,1,32,1,0,0,0,3
"1866",69,2,466,1,1,0,0,2
"1867",69,3,0,0,0,1,0,4
"1868",69,4,2,1,0,0,1,6
"1873",70,1,0,0,0,0,0,2
"1874",70,2,479,1,1,0,0,3
"1875",70,3,6,1,0,1,0,6
"1876",70,4,15,1,0,0,1,5
"1877",71,1,31,1,0,0,0,5
"1878",71,2,72,1,1,0,0,6
"1879",71,3,0,0,0,1,0,3
"1880",71,4,397,1,0,0,1,4
"1881",72,1,0,0,0,0,0,3
"1882",72,2,75,1,1,0,0,4
"1883",72,3,11,1,0,1,0,6
"1884",72,4,414,1,0,0,1,2
"1885",73,1,0,0,0,0,0,3
"1886",73,2,480,1,1,0,0,2
"1887",73,3,4,1,0,1,0,5
"1888",73,4,16,1,0,0,1,4
"1889",74,1,0,0,0,0,0,3
"1890",74,2,60,1,1,0,0,6
"1891",74,3,401,1,0,1,0,4
"1892",74,4,39,1,0,0,1,5
"1893",75,1,2,1,0,0,0,6
"1894",75,2,482,1,1,0,0,2
"1895",75,3,0,0,0,1,0,3
"1896",75,4,16,1,0,0,1,4
"1897",76,1,6,1,0,0,0,6
"1898",76,2,75,1,1,0,0,4
"1899",76,3,419,1,0,1,0,2
"1900",76,4,0,0,0,0,1,3
"1901",77,1,6,1,0,0,0,5
"1902",77,2,482,1,1,0,0,3
"1903",77,3,0,0,0,1,0,2
"1904",77,4,12,1,0,0,1,6
"1905",78,1,0,0,0,0,0,6
"1906",78,2,62,1,1,0,0,5
"1907",78,3,53,1,0,1,0,4
"1908",78,4,385,1,0,0,1,3
"1909",79,1,418,1,0,0,0,2
"1910",79,2,75,1,1,0,0,4
"1911",79,3,7,1,0,1,0,6
"1912",79,4,0,0,0,0,1,3
"1917",80,1,416,1,0,0,0,2
"1918",80,2,56,1,1,0,0,6
"1919",80,3,28,1,0,1,0,4
"1920",80,4,0,0,0,0,1,3
"1921",81,1,12,1,0,0,0,4
"1922",81,2,90,1,1,0,0,3
"1923",81,3,398,1,0,1,0,2
"1924",81,4,0,0,0,0,1,5
"1925",82,1,0,0,0,0,0,5
"1926",82,2,23,1,1,0,0,6
"1927",82,3,441,1,0,1,0,2
"1928",82,4,36,1,0,0,1,4
"1929",83,1,377,1,0,0,0,2
"1930",83,2,53,1,1,0,0,5
"1931",83,3,70,1,0,1,0,3
"1932",83,4,0,0,0,0,1,4
"1933",84,1,0,0,0,0,0,4
"1934",84,2,93,1,1,0,0,3
"1935",84,3,402,1,0,1,0,2
"1936",84,4,5,1,0,0,1,6
"1937",85,1,0,0,0,0,0,3
"1938",85,2,479,1,1,0,0,2
"1939",85,3,19,1,0,1,0,4
"1940",85,4,2,1,0,0,1,6
"1941",86,1,361,1,0,0,0,2
"1942",86,2,130,1,1,0,0,3
"1943",86,3,9,1,0,1,0,5
"1944",86,4,0,0,0,0,1,6
"1945",87,1,17,1,0,0,0,6
"1946",87,2,0,0,1,0,0,5
"1947",87,3,81,1,0,1,0,4
"1948",87,4,402,1,0,0,1,3
"1949",88,1,41,1,0,0,0,3
"1950",88,2,52,1,1,0,0,5
"1951",88,3,0,0,0,1,0,6
"1952",88,4,407,1,0,0,1,2
"1953",89,1,47,1,0,0,0,5
"1954",89,2,0,0,1,0,0,2
"1955",89,3,436,1,0,1,0,4
"1956",89,4,17,1,0,0,1,6
"1961",90,1,24,1,0,0,0,4
"1962",90,2,0,0,1,0,0,6
"1963",90,3,84,1,0,1,0,3
"1964",90,4,392,1,0,0,1,2
"1965",91,1,24,1,0,0,0,4
"1966",91,2,465,1,1,0,0,3
"1967",91,3,0,0,0,1,0,6
"1968",91,4,11,1,0,0,1,5
"1969",92,1,10,1,0,0,0,4
"1970",92,2,483,1,1,0,0,2
"1971",92,3,7,1,0,1,0,6
"1972",92,4,0,0,0,0,1,5
"1973",93,1,0,0,0,0,0,3
"1974",93,2,477,1,1,0,0,2
"1975",93,3,16,1,0,1,0,4
"1976",93,4,7,1,0,0,1,6
"1977",94,1,402,1,0,0,0,2
"1978",94,2,0,0,1,0,0,6
"1979",94,3,27,1,0,1,0,5
"1980",94,4,71,1,0,0,1,3
"1981",95,1,42,1,0,0,0,3
"1982",95,2,57,1,1,0,0,5
"1983",95,3,0,0,0,1,0,4
"1984",95,4,401,1,0,0,1,2
"1985",96,1,20,1,0,0,0,4
"1986",96,2,0,0,1,0,0,6
"1987",96,3,462,1,0,1,0,2
"1988",96,4,18,1,0,0,1,5
"1989",97,1,0,0,0,0,0,5
"1990",97,2,458,1,1,0,0,2
"1991",97,3,10,1,0,1,0,6
"1992",97,4,32,1,0,0,1,3
"1993",98,1,355,1,0,0,0,3
"1994",98,2,130,1,1,0,0,4
"1995",98,3,15,1,0,1,0,6
"1996",98,4,0,0,0,0,1,2
"1997",99,1,383,1,0,0,0,2
"1998",99,2,50,1,1,0,0,5
"1999",99,3,0,0,0,1,0,4
"2000",99,4,67,1,0,0,1,3
"9",100,1,406,1,0,0,0,2
"10",100,2,80,1,1,0,0,4
"11",100,3,0,0,0,1,0,6
"12",100,4,14,1,0,0,1,5
"13",101,1,52,1,0,0,0,5
"14",101,2,0,0,1,0,0,2
"15",101,3,36,1,0,1,0,6
"16",101,4,412,1,0,0,1,4
"17",102,1,8,1,0,0,0,6
"18",102,2,487,1,1,0,0,3
"19",102,3,0,0,0,1,0,2
"20",102,4,5,1,0,0,1,5
"21",103,1,0,0,0,0,0,2
"22",103,2,47,1,1,0,0,6
"23",103,3,414,1,0,1,0,3
"24",103,4,39,1,0,0,1,4
"25",104,1,7,1,0,0,0,5
"26",104,2,104,1,1,0,0,3
"27",104,3,389,1,0,1,0,2
"28",104,4,0,0,0,0,1,4
"29",105,1,15,1,0,0,0,6
"30",105,2,0,0,1,0,0,4
"31",105,3,467,1,0,1,0,3
"32",105,4,18,1,0,0,1,5
"33",106,1,7,1,0,0,0,5
"34",106,2,116,1,1,0,0,3
"35",106,3,0,0,0,1,0,6
"36",106,4,377,1,0,0,1,2
"37",107,1,0,0,0,0,0,3
"38",107,2,88,1,1,0,0,4
"39",107,3,11,1,0,1,0,6
"40",107,4,401,1,0,0,1,2
"41",108,1,0,0,0,0,0,4
"42",108,2,467,1,1,0,0,2
"43",108,3,6,1,0,1,0,5
"44",108,4,27,1,0,0,1,3
"45",109,1,48,1,0,0,0,4
"46",109,2,0,0,1,0,0,6
"47",109,3,430,1,0,1,0,3
"48",109,4,22,1,0,0,1,5
"53",110,1,437,1,0,0,0,2
"54",110,2,0,0,1,0,0,5
"55",110,3,51,1,0,1,0,4
"56",110,4,12,1,0,0,1,6
"57",111,1,449,1,0,0,0,2
"58",111,2,0,0,1,0,0,3
"59",111,3,16,1,0,1,0,6
"60",111,4,35,1,0,0,1,4
"61",112,1,11,1,0,0,0,5
"62",112,2,103,1,1,0,0,3
"63",112,3,386,1,0,1,0,2
"64",112,4,0,0,0,0,1,4
"65",113,1,62,1,0,0,0,4
"66",113,2,41,1,1,0,0,6
"67",113,3,0,0,0,1,0,5
"68",113,4,397,1,0,0,1,3
"69",114,1,12,1,0,0,0,4
"70",114,2,104,1,1,0,0,3
"71",114,3,0,0,0,1,0,5
"72",114,4,384,1,0,0,1,2
"73",115,1,24,1,0,0,0,3
"74",115,2,465,1,1,0,0,2
"75",115,3,11,1,0,1,0,5
"76",115,4,0,0,0,0,1,6
"77",116,1,461,1,0,0,0,2
"78",116,2,0,0,1,0,0,4
"79",116,3,26,1,0,1,0,5
"80",116,4,13,1,0,0,1,6
"81",117,1,449,1,0,0,0,2
"82",117,2,0,0,1,0,0,5
"83",117,3,11,1,0,1,0,6
"84",117,4,40,1,0,0,1,4
"85",118,1,0,0,0,0,0,6
"86",118,2,95,1,1,0,0,3
"87",118,3,391,1,0,1,0,2
"88",118,4,14,1,0,0,1,5
"89",119,1,14,1,0,0,0,5
"90",119,2,0,0,1,0,0,4
"91",119,3,80,1,0,1,0,3
"92",119,4,406,1,0,0,1,2
"97",120,1,374,1,0,0,0,2
"98",120,2,67,1,1,0,0,4
"99",120,3,0,0,0,1,0,6
"100",120,4,59,1,0,0,1,3
"101",121,1,46,1,0,0,0,4
"102",121,2,0,0,1,0,0,5
"103",121,3,25,1,0,1,0,6
"104",121,4,429,1,0,0,1,3
"105",122,1,414,1,0,0,0,2
"106",122,2,50,1,1,0,0,6
"107",122,3,36,1,0,1,0,4
"108",122,4,0,0,0,0,1,5
"109",123,1,392,1,0,0,0,2
"110",123,2,0,0,1,0,0,6
"111",123,3,44,1,0,1,0,4
"112",123,4,64,1,0,0,1,3
"113",124,1,54,1,0,0,0,3
"114",124,2,0,0,1,0,0,4
"115",124,3,14,1,0,1,0,6
"116",124,4,432,1,0,0,1,2
"117",125,1,53,1,0,0,0,4
"118",125,2,0,0,1,0,0,6
"119",125,3,424,1,0,1,0,3
"120",125,4,23,1,0,0,1,5
"121",126,1,33,1,0,0,0,4
"122",126,2,0,0,1,0,0,3
"123",126,3,466,1,0,1,0,2
"124",126,4,1,1,0,0,1,6
"125",127,1,395,1,0,0,0,2
"126",127,2,68,1,1,0,0,4
"127",127,3,0,0,0,1,0,6
"128",127,4,37,1,0,0,1,3
"129",128,1,422,1,0,0,0,3
"130",128,2,47,1,1,0,0,6
"131",128,3,31,1,0,1,0,5
"132",128,4,0,0,0,0,1,4
"133",129,1,398,1,0,0,0,2
"134",129,2,0,0,1,0,0,6
"135",129,3,84,1,0,1,0,3
"136",129,4,18,1,0,0,1,5
"141",130,1,7,1,0,0,0,6
"142",130,2,449,1,1,0,0,4
"143",130,3,44,1,0,1,0,5
"144",130,4,0,0,0,0,1,3
"145",131,1,410,1,0,0,0,2
"146",131,2,64,1,1,0,0,5
"147",131,3,0,0,0,1,0,6
"148",131,4,26,1,0,0,1,4
"149",132,1,437,1,0,0,0,2
"150",132,2,36,1,1,0,0,6
"151",132,3,27,1,0,1,0,5
"152",132,4,0,0,0,0,1,4
"153",133,1,0,0,0,0,0,2
"154",133,2,450,1,1,0,0,3
"155",133,3,16,1,0,1,0,5
"156",133,4,34,1,0,0,1,4
"157",134,1,9,1,0,0,0,6
"158",134,2,73,1,1,0,0,4
"159",134,3,418,1,0,1,0,2
"160",134,4,0,0,0,0,1,3
"161",135,1,16,1,0,0,0,5
"162",135,2,475,1,1,0,0,3
"163",135,3,0,0,0,1,0,4
"164",135,4,9,1,0,0,1,6
"165",136,1,5,1,0,0,0,6
"166",136,2,0,0,1,0,0,3
"167",136,3,464,1,0,1,0,2
"168",136,4,31,1,0,0,1,4
"169",137,1,0,0,0,0,0,3
"170",137,2,479,1,1,0,0,2
"171",137,3,10,1,0,1,0,5
"172",137,4,11,1,0,0,1,4
"173",138,1,9,1,0,0,0,5
"174",138,2,108,1,1,0,0,4
"175",138,3,0,0,0,1,0,2
"176",138,4,383,1,0,0,1,3
"177",139,1,8,1,0,0,0,5
"178",139,2,468,1,1,0,0,2
"179",139,3,24,1,0,1,0,3
"180",139,4,0,0,0,0,1,4
"185",140,1,0,0,0,0,0,4
"186",140,2,34,1,1,0,0,6
"187",140,3,75,1,0,1,0,3
"188",140,4,391,1,0,0,1,2
"189",141,1,44,1,0,0,0,4
"190",141,2,0,0,1,0,0,6
"191",141,3,433,1,0,1,0,3
"192",141,4,23,1,0,0,1,5
"193",142,1,0,0,0,0,0,6
"194",142,2,63,1,1,0,0,4
"195",142,3,60,1,0,1,0,3
"196",142,4,377,1,0,0,1,2
"197",143,1,18,1,0,0,0,4
"198",143,2,0,0,1,0,0,3
"199",143,3,39,1,0,1,0,5
"200",143,4,443,1,0,0,1,2
"201",144,1,0,0,0,0,0,6
"202",144,2,44,1,1,0,0,5
"203",144,3,64,1,0,1,0,3
"204",144,4,392,1,0,0,1,2
"205",145,1,0,0,0,0,0,4
"206",145,2,34,1,1,0,0,6
"207",145,3,454,1,0,1,0,2
"208",145,4,12,1,0,0,1,5
"209",146,1,0,0,0,0,0,5
"210",146,2,446,1,1,0,0,2
"211",146,3,43,1,0,1,0,3
"212",146,4,11,1,0,0,1,4
"213",147,1,396,1,0,0,0,3
"214",147,2,49,1,1,0,0,6
"215",147,3,0,0,0,1,0,2
"216",147,4,55,1,0,0,1,4
"217",148,1,360,1,0,0,0,2
"218",148,2,133,1,1,0,0,3
"219",148,3,7,1,0,1,0,6
"220",148,4,0,0,0,0,1,5
"221",149,1,8,1,0,0,0,4
"222",149,2,486,1,1,0,0,2
"223",149,3,0,0,0,1,0,5
"224",149,4,6,1,0,0,1,6
"229",150,1,417,1,0,0,0,2
"230",150,2,73,1,1,0,0,5
"231",150,3,0,0,0,1,0,4
"232",150,4,10,1,0,0,1,6
"233",151,1,49,1,0,0,0,4
"234",151,2,0,0,1,0,0,2
"235",151,3,23,1,0,1,0,6
"236",151,4,428,1,0,0,1,3
"237",152,1,11,1,0,0,0,5
"238",152,2,65,1,1,0,0,4
"239",152,3,424,1,0,1,0,2
"240",152,4,0,0,0,0,1,3
"241",153,1,19,1,0,0,0,6
"242",153,2,0,0,1,0,0,2
"243",153,3,41,1,0,1,0,5
"244",153,4,440,1,0,0,1,3
"245",154,1,18,1,0,0,0,6
"246",154,2,0,0,1,0,0,3
"247",154,3,79,1,0,1,0,5
"248",154,4,403,1,0,0,1,4
"249",155,1,0,0,0,0,0,3
"250",155,2,56,1,1,0,0,6
"251",155,3,64,1,0,1,0,5
"252",155,4,380,1,0,0,1,4
"253",156,1,358,1,0,0,0,2
"254",156,2,114,1,1,0,0,3
"255",156,3,28,1,0,1,0,4
"256",156,4,0,0,0,0,1,5
"257",157,1,21,1,0,0,0,4
"258",157,2,46,1,1,0,0,6
"259",157,3,0,0,0,1,0,5
"260",157,4,433,1,0,0,1,2
"261",158,1,0,0,0,0,0,3
"262",158,2,438,1,1,0,0,4
"263",158,3,47,1,0,1,0,5
"264",158,4,15,1,0,0,1,6
"265",159,1,380,1,0,0,0,3
"266",159,2,62,1,1,0,0,5
"267",159,3,58,1,0,1,0,4
"268",159,4,0,0,0,0,1,6
"273",160,1,7,1,0,0,0,5
"274",160,2,484,1,1,0,0,2
"275",160,3,9,1,0,1,0,6
"276",160,4,0,0,0,0,1,4
"277",161,1,368,1,0,0,0,2
"278",161,2,126,1,1,0,0,3
"279",161,3,0,0,0,1,0,5
"280",161,4,6,1,0,0,1,6
"281",162,1,6,1,0,0,0,6
"282",162,2,0,0,1,0,0,5
"283",162,3,446,1,0,1,0,2
"284",162,4,48,1,0,0,1,3
"285",163,1,358,1,0,0,0,3
"286",163,2,116,1,1,0,0,4
"287",163,3,26,1,0,1,0,5
"288",163,4,0,0,0,0,1,6
"289",164,1,0,0,0,0,0,4
"290",164,2,49,1,1,0,0,5
"291",164,3,416,1,0,1,0,2
"292",164,4,35,1,0,0,1,3
"293",165,1,0,0,0,0,0,5
"294",165,2,74,1,1,0,0,4
"295",165,3,52,1,0,1,0,3
"296",165,4,374,1,0,0,1,2
"297",166,1,392,1,0,0,0,2
"298",166,2,46,1,1,0,0,6
"299",166,3,0,0,0,1,0,4
"300",166,4,62,1,0,0,1,3
"301",167,1,36,1,0,0,0,4
"302",167,2,0,0,1,0,0,3
"303",167,3,27,1,0,1,0,6
"304",167,4,437,1,0,0,1,2
"305",168,1,15,1,0,0,0,6
"306",168,2,101,1,1,0,0,5
"307",168,3,0,0,0,1,0,3
"308",168,4,384,1,0,0,1,4
"309",169,1,0,0,0,0,0,5
"310",169,2,47,1,1,0,0,6
"311",169,3,68,1,0,1,0,4
"312",169,4,385,1,0,0,1,3
"317",170,1,26,1,0,0,0,4
"318",170,2,0,0,1,0,0,5
"319",170,3,16,1,0,1,0,6
"320",170,4,458,1,0,0,1,2
"321",171,1,393,1,0,0,0,3
"322",171,2,0,0,1,0,0,5
"323",171,3,30,1,0,1,0,6
"324",171,4,77,1,0,0,1,4
"325",172,1,44,1,0,0,0,3
"326",172,2,0,0,1,0,0,6
"327",172,3,19,1,0,1,0,5
"328",172,4,437,1,0,0,1,2
"329",173,1,0,0,0,0,0,5
"330",173,2,446,1,1,0,0,2
"331",173,3,51,1,0,1,0,3
"332",173,4,3,1,0,0,1,6
"333",174,1,10,1,0,0,0,6
"334",174,2,57,1,1,0,0,5
"335",174,3,433,1,0,1,0,2
"336",174,4,0,0,0,0,1,3
"337",175,1,444,1,0,0,0,2
"338",175,2,0,0,1,0,0,3
"339",175,3,23,1,0,1,0,5
"340",175,4,33,1,0,0,1,4
"341",176,1,11,1,0,0,0,6
"342",176,2,443,1,1,0,0,4
"343",176,3,46,1,0,1,0,5
"344",176,4,0,0,0,0,1,3
"345",177,1,435,1,0,0,0,3
"346",177,2,0,0,1,0,0,4
"347",177,3,33,1,0,1,0,6
"348",177,4,32,1,0,0,1,5
"349",178,1,4,1,0,0,0,6
"350",178,2,0,0,1,0,0,4
"351",178,3,74,1,0,1,0,3
"352",178,4,422,1,0,0,1,2
"353",179,1,6,1,0,0,0,5
"354",179,2,457,1,1,0,0,2
"355",179,3,0,0,0,1,0,6
"356",179,4,37,1,0,0,1,3
"361",180,1,383,1,0,0,0,3
"362",180,2,68,1,1,0,0,5
"363",180,3,0,0,0,1,0,6
"364",180,4,49,1,0,0,1,4
"365",181,1,5,1,0,0,0,6
"366",181,2,485,1,1,0,0,2
"367",181,3,0,0,0,1,0,3
"368",181,4,10,1,0,0,1,4
"369",182,1,54,1,0,0,0,4
"370",182,2,0,0,1,0,0,6
"371",182,3,35,1,0,1,0,5
"372",182,4,411,1,0,0,1,3
"373",183,1,40,1,0,0,0,3
"374",183,2,30,1,1,0,0,6
"375",183,3,430,1,0,1,0,2
"376",183,4,0,0,0,0,1,4
"377",184,1,2,1,0,0,0,6
"378",184,2,492,1,1,0,0,2
"379",184,3,0,0,0,1,0,3
"380",184,4,6,1,0,0,1,5
"381",185,1,376,1,0,0,0,2
"382",185,2,36,1,1,0,0,6
"383",185,3,88,1,0,1,0,3
"384",185,4,0,0,0,0,1,4
"385",186,1,32,1,0,0,0,3
"386",186,2,69,1,1,0,0,4
"387",186,3,399,1,0,1,0,2
"388",186,4,0,0,0,0,1,5
"389",187,1,0,0,0,0,0,5
"390",187,2,475,1,1,0,0,2
"391",187,3,22,1,0,1,0,4
"392",187,4,3,1,0,0,1,6
"393",188,1,0,0,0,0,0,5
"394",188,2,444,1,1,0,0,3
"395",188,3,11,1,0,1,0,6
"396",188,4,45,1,0,0,1,4
"397",189,1,6,1,0,0,0,5
"398",189,2,107,1,1,0,0,3
"399",189,3,0,0,0,1,0,6
"400",189,4,387,1,0,0,1,2
"405",190,1,9,1,0,0,0,6
"406",190,2,480,1,1,0,0,2
"407",190,3,0,0,0,1,0,5
"408",190,4,11,1,0,0,1,4
"409",191,1,45,1,0,0,0,3
"410",191,2,28,1,1,0,0,6
"411",191,3,427,1,0,1,0,2
"412",191,4,0,0,0,0,1,4
"413",192,1,0,0,0,0,0,4
"414",192,2,45,1,1,0,0,6
"415",192,3,434,1,0,1,0,3
"416",192,4,21,1,0,0,1,5
"417",193,1,6,1,0,0,0,6
"418",193,2,483,1,1,0,0,3
"419",193,3,0,0,0,1,0,2
"420",193,4,11,1,0,0,1,5
"421",194,1,3,1,0,0,0,6
"422",194,2,482,1,1,0,0,2
"423",194,3,0,0,0,1,0,3
"424",194,4,15,1,0,0,1,4
"425",195,1,0,0,0,0,0,5
"426",195,2,47,1,1,0,0,6
"427",195,3,52,1,0,1,0,4
"428",195,4,401,1,0,0,1,3
"429",196,1,36,1,0,0,0,4
"430",196,2,0,0,1,0,0,3
"431",196,3,22,1,0,1,0,5
"432",196,4,442,1,0,0,1,2
"433",197,1,373,1,0,0,0,4
"434",197,2,65,1,1,0,0,6
"435",197,3,0,0,0,1,0,3
"436",197,4,62,1,0,0,1,5
"437",198,1,17,1,0,0,0,6
"438",198,2,0,0,1,0,0,4
"439",198,3,458,1,0,1,0,3
"440",198,4,25,1,0,0,1,5
"441",199,1,0,0,0,0,0,4
"442",199,2,101,1,1,0,0,3
"443",199,3,395,1,0,1,0,2
"444",199,4,4,1,0,0,1,6
"453",200,1,383,1,0,0,0,2
"454",200,2,54,1,1,0,0,5
"455",200,3,0,0,0,1,0,6
"456",200,4,63,1,0,0,1,3
"457",201,1,0,0,0,0,0,3
"458",201,2,31,1,1,0,0,6
"459",201,3,39,1,0,1,0,4
"460",201,4,430,1,0,0,1,2
"461",202,1,426,1,0,0,0,2
"462",202,2,43,1,1,0,0,6
"463",202,3,0,0,0,1,0,5
"464",202,4,31,1,0,0,1,4
"465",203,1,0,0,0,0,0,4
"466",203,2,24,1,1,0,0,6
"467",203,3,430,1,0,1,0,2
"468",203,4,46,1,0,0,1,3
"469",204,1,47,1,0,0,0,3
"470",204,2,0,0,1,0,0,6
"471",204,3,42,1,0,1,0,4
"472",204,4,411,1,0,0,1,2
"473",205,1,379,1,0,0,0,3
"474",205,2,66,1,1,0,0,5
"475",205,3,55,1,0,1,0,4
"476",205,4,0,0,0,0,1,6
"477",206,1,0,0,0,0,0,5
"478",206,2,31,1,1,0,0,6
"479",206,3,443,1,0,1,0,2
"480",206,4,26,1,0,0,1,4
"481",207,1,0,0,0,0,0,5
"482",207,2,450,1,1,0,0,2
"483",207,3,18,1,0,1,0,4
"484",207,4,32,1,0,0,1,3
"485",208,1,1,1,0,0,0,6
"486",208,2,468,1,1,0,0,2
"487",208,3,0,0,0,1,0,4
"488",208,4,31,1,0,0,1,3
"489",209,1,21,1,0,0,0,5
"490",209,2,0,0,1,0,0,4
"491",209,3,26,1,0,1,0,6
"492",209,4,453,1,0,0,1,3
"497",210,1,7,1,0,0,0,5
"498",210,2,94,1,1,0,0,3
"499",210,3,399,1,0,1,0,2
"500",210,4,0,0,0,0,1,4
"501",211,1,44,1,0,0,0,4
"502",211,2,0,0,1,0,0,3
"503",211,3,13,1,0,1,0,6
"504",211,4,443,1,0,0,1,2
"505",212,1,41,1,0,0,0,5
"506",212,2,57,1,1,0,0,6
"507",212,3,0,0,0,1,0,3
"508",212,4,402,1,0,0,1,4
"509",213,1,36,1,0,0,0,3
"510",213,2,45,1,1,0,0,5
"511",213,3,419,1,0,1,0,2
"512",213,4,0,0,0,0,1,4
"513",214,1,28,1,0,0,0,5
"514",214,2,0,0,1,0,0,2
"515",214,3,24,1,0,1,0,6
"516",214,4,448,1,0,0,1,3
"517",215,1,426,1,0,0,0,2
"518",215,2,39,1,1,0,0,6
"519",215,3,0,0,0,1,0,3
"520",215,4,35,1,0,0,1,4
"521",216,1,356,1,0,0,0,2
"522",216,2,129,1,1,0,0,3
"523",216,3,0,0,0,1,0,5
"524",216,4,15,1,0,0,1,4
"525",217,1,0,0,0,0,0,5
"526",217,2,103,1,1,0,0,3
"527",217,3,21,1,0,1,0,4
"528",217,4,376,1,0,0,1,2
"529",218,1,8,1,0,0,0,6
"530",218,2,451,1,1,0,0,3
"531",218,3,0,0,0,1,0,2
"532",218,4,41,1,0,0,1,4
"533",219,1,418,1,0,0,0,2
"534",219,2,52,1,1,0,0,5
"535",219,3,30,1,0,1,0,4
"536",219,4,0,0,0,0,1,3
"541",220,1,9,1,0,0,0,4
"542",220,2,485,1,1,0,0,2
"543",220,3,0,0,0,1,0,5
"544",220,4,6,1,0,0,1,6
"545",221,1,4,1,0,0,0,6
"546",221,2,478,1,1,0,0,3
"547",221,3,18,1,0,1,0,5
"548",221,4,0,0,0,0,1,2
"549",222,1,421,1,0,0,0,3
"550",222,2,48,1,1,0,0,6
"551",222,3,31,1,0,1,0,5
"552",222,4,0,0,0,0,1,2
"553",223,1,380,1,0,0,0,3
"554",223,2,0,0,1,0,0,2
"555",223,3,47,1,0,1,0,5
"556",223,4,73,1,0,0,1,4
"557",224,1,0,0,0,0,0,2
"558",224,2,99,1,1,0,0,4
"559",224,3,388,1,0,1,0,3
"560",224,4,13,1,0,0,1,6
"561",225,1,433,1,0,0,0,2
"562",225,2,0,0,1,0,0,3
"563",225,3,32,1,0,1,0,5
"564",225,4,35,1,0,0,1,4
"565",226,1,6,1,0,0,0,5
"566",226,2,452,1,1,0,0,2
"567",226,3,0,0,0,1,0,6
"568",226,4,42,1,0,0,1,3
"569",227,1,0,0,0,0,0,5
"570",227,2,40,1,1,0,0,6
"571",227,3,34,1,0,1,0,4
"572",227,4,426,1,0,0,1,2
"573",228,1,0,0,0,0,0,6
"574",228,2,50,1,1,0,0,4
"575",228,3,405,1,0,1,0,2
"576",228,4,45,1,0,0,1,3
"577",229,1,17,1,0,0,0,5
"578",229,2,46,1,1,0,0,6
"579",229,3,0,0,0,1,0,4
"580",229,4,437,1,0,0,1,2
"585",230,1,7,1,0,0,0,4
"586",230,2,455,1,1,0,0,2
"587",230,3,0,0,0,1,0,6
"588",230,4,38,1,0,0,1,3
"589",231,1,0,0,0,0,0,4
"590",231,2,478,1,1,0,0,3
"591",231,3,13,1,0,1,0,6
"592",231,4,9,1,0,0,1,5
"593",232,1,7,1,0,0,0,6
"594",232,2,0,0,1,0,0,4
"595",232,3,37,1,0,1,0,5
"596",232,4,456,1,0,0,1,2
"597",233,1,370,1,0,0,0,2
"598",233,2,80,1,1,0,0,4
"599",233,3,0,0,0,1,0,6
"600",233,4,50,1,0,0,1,3
"601",234,1,0,0,0,0,0,3
"602",234,2,32,1,1,0,0,6
"603",234,3,23,1,0,1,0,5
"604",234,4,445,1,0,0,1,2
"605",235,1,57,1,0,0,0,3
"606",235,2,0,0,1,0,0,5
"607",235,3,419,1,0,1,0,2
"608",235,4,24,1,0,0,1,4
"609",236,1,16,1,0,0,0,5
"610",236,2,43,1,1,0,0,6
"611",236,3,0,0,0,1,0,4
"612",236,4,441,1,0,0,1,2
"613",237,1,4,1,0,0,0,5
"614",237,2,488,1,1,0,0,2
"615",237,3,0,0,0,1,0,6
"616",237,4,8,1,0,0,1,4
"617",238,1,0,0,0,0,0,6
"618",238,2,68,1,1,0,0,4
"619",238,3,22,1,0,1,0,5
"620",238,4,410,1,0,0,1,2
"621",239,1,383,1,0,0,0,4
"622",239,2,61,1,1,0,0,6
"623",239,3,0,0,0,1,0,2
"624",239,4,56,1,0,0,1,5
"629",240,1,15,1,0,0,0,5
"630",240,2,0,0,1,0,0,2
"631",240,3,437,1,0,1,0,3
"632",240,4,48,1,0,0,1,4
"633",241,1,423,1,0,0,0,2
"634",241,2,45,1,1,0,0,6
"635",241,3,32,1,0,1,0,4
"636",241,4,0,0,0,0,1,3
"637",242,1,0,0,0,0,0,2
"638",242,2,449,1,1,0,0,3
"639",242,3,46,1,0,1,0,4
"640",242,4,5,1,0,0,1,6
"641",243,1,0,0,0,0,0,6
"642",243,2,78,1,1,0,0,4
"643",243,3,8,1,0,1,0,5
"644",243,4,414,1,0,0,1,2
"645",244,1,395,1,0,0,0,2
"646",244,2,0,0,1,0,0,4
"647",244,3,90,1,0,1,0,3
"648",244,4,15,1,0,0,1,5
"649",245,1,0,0,0,0,0,2
"650",245,2,450,1,1,0,0,3
"651",245,3,17,1,0,1,0,5
"652",245,4,33,1,0,0,1,4
"653",246,1,456,1,0,0,0,2
"654",246,2,0,0,1,0,0,3
"655",246,3,27,1,0,1,0,6
"656",246,4,17,1,0,0,1,5
"657",247,1,14,1,0,0,0,4
"658",247,2,478,1,1,0,0,2
"659",247,3,0,0,0,1,0,3
"660",247,4,8,1,0,0,1,5
"661",248,1,2,1,0,0,0,6
"662",248,2,465,1,1,0,0,2
"663",248,3,0,0,0,1,0,5
"664",248,4,33,1,0,0,1,3
"665",249,1,406,1,0,0,0,2
"666",249,2,83,1,1,0,0,4
"667",249,3,0,0,0,1,0,6
"668",249,4,11,1,0,0,1,5
"673",250,1,7,1,0,0,0,6
"674",250,2,86,1,1,0,0,5
"675",250,3,0,0,0,1,0,4
"676",250,4,407,1,0,0,1,3
"677",251,1,0,0,0,0,0,3
"678",251,2,32,1,1,0,0,6
"679",251,3,445,1,0,1,0,2
"680",251,4,23,1,0,0,1,4
"681",252,1,383,1,0,0,0,3
"682",252,2,0,0,1,0,0,6
"683",252,3,89,1,0,1,0,4
"684",252,4,28,1,0,0,1,5
"685",253,1,10,1,0,0,0,6
"686",253,2,454,1,1,0,0,4
"687",253,3,0,0,0,1,0,2
"688",253,4,36,1,0,0,1,5
"689",254,1,11,1,0,0,0,6
"690",254,2,0,0,1,0,0,3
"691",254,3,49,1,0,1,0,4
"692",254,4,440,1,0,0,1,2
"693",255,1,390,1,0,0,0,2
"694",255,2,53,1,1,0,0,5
"695",255,3,0,0,0,1,0,4
"696",255,4,57,1,0,0,1,3
"697",256,1,21,1,0,0,0,4
"698",256,2,0,0,1,0,0,3
"699",256,3,464,1,0,1,0,2
"700",256,4,15,1,0,0,1,5
"701",257,1,0,0,0,0,0,2
"702",257,2,111,1,1,0,0,4
"703",257,3,16,1,0,1,0,6
"704",257,4,373,1,0,0,1,3
"705",258,1,0,0,0,0,0,2
"706",258,2,75,1,1,0,0,5
"707",258,3,19,1,0,1,0,6
"708",258,4,406,1,0,0,1,3
"709",259,1,37,1,0,0,0,4
"710",259,2,50,1,1,0,0,6
"711",259,3,0,0,0,1,0,2
"712",259,4,413,1,0,0,1,3
"717",260,1,18,1,0,0,0,5
"718",260,2,0,0,1,0,0,3
"719",260,3,27,1,0,1,0,6
"720",260,4,455,1,0,0,1,2
"721",261,1,0,0,0,0,0,2
"722",261,2,48,1,1,0,0,6
"723",261,3,432,1,0,1,0,3
"724",261,4,20,1,0,0,1,5
"725",262,1,0,0,0,0,0,5
"726",262,2,454,1,1,0,0,2
"727",262,3,36,1,0,1,0,3
"728",262,4,10,1,0,0,1,4
"729",263,1,0,0,0,0,0,6
"730",263,2,454,1,1,0,0,2
"731",263,3,41,1,0,1,0,3
"732",263,4,5,1,0,0,1,4
"733",264,1,0,0,0,0,0,5
"734",264,2,449,1,1,0,0,3
"735",264,3,11,1,0,1,0,6
"736",264,4,40,1,0,0,1,4
"737",265,1,11,1,0,0,0,6
"738",265,2,0,0,1,0,0,5
"739",265,3,60,1,0,1,0,4
"740",265,4,429,1,0,0,1,2
"741",266,1,367,1,0,0,0,2
"742",266,2,129,1,1,0,0,3
"743",266,3,0,0,0,1,0,5
"744",266,4,4,1,0,0,1,6
"745",267,1,370,1,0,0,0,2
"746",267,2,122,1,1,0,0,3
"747",267,3,0,0,0,1,0,4
"748",267,4,8,1,0,0,1,6
"749",268,1,63,1,0,0,0,5
"750",268,2,0,0,1,0,0,2
"751",268,3,41,1,0,1,0,6
"752",268,4,396,1,0,0,1,4
"753",269,1,1,1,0,0,0,6
"754",269,2,462,1,1,0,0,2
"755",269,3,37,1,0,1,0,3
"756",269,4,0,0,0,0,1,5
"761",270,1,0,0,0,0,0,3
"762",270,2,480,1,1,0,0,2
"763",270,3,10,1,0,1,0,6
"764",270,4,10,1,0,0,1,4
"765",271,1,8,1,0,0,0,5
"766",271,2,490,1,1,0,0,2
"767",271,3,0,0,0,1,0,3
"768",271,4,2,1,0,0,1,6
"769",272,1,423,1,0,0,0,2
"770",272,2,63,1,1,0,0,5
"771",272,3,14,1,0,1,0,6
"772",272,4,0,0,0,0,1,4
"773",273,1,26,1,0,0,0,4
"774",273,2,0,0,1,0,0,6
"775",273,3,30,1,0,1,0,5
"776",273,4,444,1,0,0,1,2
"777",274,1,19,1,0,0,0,4
"778",274,2,43,1,1,0,0,5
"779",274,3,438,1,0,1,0,2
"780",274,4,0,0,0,0,1,6
"781",275,1,17,1,0,0,0,4
"782",275,2,65,1,1,0,0,5
"783",275,3,0,0,0,1,0,3
"784",275,4,418,1,0,0,1,2
"785",276,1,12,1,0,0,0,4
"786",276,2,92,1,1,0,0,3
"787",276,3,0,0,0,1,0,5
"788",276,4,396,1,0,0,1,2
"789",277,1,6,1,0,0,0,6
"790",277,2,98,1,1,0,0,4
"791",277,3,396,1,0,1,0,3
"792",277,4,0,0,0,0,1,5
"793",278,1,414,1,0,0,0,2
"794",278,2,51,1,1,0,0,5
"795",278,3,35,1,0,1,0,4
"796",278,4,0,0,0,0,1,3
"797",279,1,0,0,0,0,0,5
"798",279,2,45,1,1,0,0,6
"799",279,3,65,1,0,1,0,4
"800",279,4,390,1,0,0,1,3
"805",280,1,428,1,0,0,0,2
"806",280,2,60,1,1,0,0,5
"807",280,3,0,0,0,1,0,4
"808",280,4,12,1,0,0,1,6
"809",281,1,5,1,0,0,0,5
"810",281,2,487,1,1,0,0,2
"811",281,3,8,1,0,1,0,6
"812",281,4,0,0,0,0,1,4
"813",282,1,417,1,0,0,0,2
"814",282,2,72,1,1,0,0,4
"815",282,3,11,1,0,1,0,6
"816",282,4,0,0,0,0,1,5
"817",283,1,452,1,0,0,0,2
"818",283,2,0,0,1,0,0,3
"819",283,3,13,1,0,1,0,6
"820",283,4,35,1,0,0,1,4
"821",284,1,0,0,0,0,0,6
"822",284,2,445,1,1,0,0,3
"823",284,3,36,1,0,1,0,4
"824",284,4,19,1,0,0,1,5
"825",285,1,24,1,0,0,0,4
"826",285,2,45,1,1,0,0,5
"827",285,3,431,1,0,1,0,2
"828",285,4,0,0,0,0,1,3
"829",286,1,5,1,0,0,0,5
"830",286,2,463,1,1,0,0,2
"831",286,3,0,0,0,1,0,4
"832",286,4,32,1,0,0,1,3
"833",287,1,24,1,0,0,0,3
"834",287,2,466,1,1,0,0,2
"835",287,3,10,1,0,1,0,5
"836",287,4,0,0,0,0,1,6
"837",288,1,0,0,0,0,0,2
"838",288,2,111,1,1,0,0,4
"839",288,3,18,1,0,1,0,5
"840",288,4,371,1,0,0,1,3
"841",289,1,3,1,0,0,0,6
"842",289,2,0,0,1,0,0,3
"843",289,3,483,1,0,1,0,2
"844",289,4,14,1,0,0,1,5
"849",290,1,8,1,0,0,0,6
"850",290,2,67,1,1,0,0,4
"851",290,3,0,0,0,1,0,3
"852",290,4,425,1,0,0,1,2
"853",291,1,371,1,0,0,0,3
"854",291,2,117,1,1,0,0,4
"855",291,3,0,0,0,1,0,6
"856",291,4,12,1,0,0,1,5
"857",292,1,368,1,0,0,0,4
"858",292,2,60,1,1,0,0,6
"859",292,3,72,1,0,1,0,5
"860",292,4,0,0,0,0,1,2
"861",293,1,4,1,0,0,0,6
"862",293,2,96,1,1,0,0,4
"863",293,3,400,1,0,1,0,3
"864",293,4,0,0,0,0,1,2
"865",294,1,35,1,0,0,0,4
"866",294,2,40,1,1,0,0,6
"867",294,3,425,1,0,1,0,3
"868",294,4,0,0,0,0,1,5
"869",295,1,13,1,0,0,0,4
"870",295,2,486,1,1,0,0,2
"871",295,3,0,0,0,1,0,3
"872",295,4,1,1,0,0,1,6
"873",296,1,420,1,0,0,0,2
"874",296,2,53,1,1,0,0,5
"875",296,3,0,0,0,1,0,6
"876",296,4,27,1,0,0,1,4
"877",297,1,419,1,0,0,0,3
"878",297,2,48,1,1,0,0,6
"879",297,3,33,1,0,1,0,5
"880",297,4,0,0,0,0,1,4
"881",298,1,28,1,0,0,0,3
"882",298,2,70,1,1,0,0,4
"883",298,3,402,1,0,1,0,2
"884",298,4,0,0,0,0,1,6
"885",299,1,9,1,0,0,0,5
"886",299,2,102,1,1,0,0,4
"887",299,3,389,1,0,1,0,3
"888",299,4,0,0,0,0,1,2
"897",300,1,390,1,0,0,0,2
"898",300,2,39,1,1,0,0,5
"899",300,3,71,1,0,1,0,3
"900",300,4,0,0,0,0,1,4
"901",301,1,3,1,0,0,0,4
"902",301,2,483,1,1,0,0,2
"903",301,3,14,1,0,1,0,5
"904",301,4,0,0,0,0,1,3
"905",302,1,0,0,0,0,0,5
"906",302,2,30,1,1,0,0,6
"907",302,3,41,1,0,1,0,4
"908",302,4,429,1,0,0,1,2
"909",303,1,360,1,0,0,0,3
"910",303,2,79,1,1,0,0,5
"911",303,3,0,0,0,1,0,2
"912",303,4,61,1,0,0,1,4
"913",304,1,413,1,0,0,0,2
"914",304,2,42,1,1,0,0,5
"915",304,3,45,1,0,1,0,4
"916",304,4,0,0,0,0,1,3
"917",305,1,0,0,0,0,0,6
"918",305,2,454,1,1,0,0,2
"919",305,3,16,1,0,1,0,4
"920",305,4,30,1,0,0,1,3
"921",306,1,0,0,0,0,0,6
"922",306,2,57,1,1,0,0,4
"923",306,3,394,1,0,1,0,2
"924",306,4,49,1,0,0,1,3
"925",307,1,0,0,0,0,0,4
"926",307,2,485,1,1,0,0,2
"927",307,3,11,1,0,1,0,6
"928",307,4,4,1,0,0,1,5
"929",308,1,22,1,0,0,0,3
"930",308,2,468,1,1,0,0,2
"931",308,3,0,0,0,1,0,6
"932",308,4,10,1,0,0,1,4
"933",309,1,16,1,0,0,0,6
"934",309,2,0,0,1,0,0,5
"935",309,3,69,1,0,1,0,4
"936",309,4,415,1,0,0,1,3
"941",310,1,0,0,0,0,0,3
"942",310,2,45,1,1,0,0,5
"943",310,3,430,1,0,1,0,2
"944",310,4,25,1,0,0,1,4
"945",311,1,30,1,0,0,0,3
"946",311,2,460,1,1,0,0,2
"947",311,3,10,1,0,1,0,5
"948",311,4,0,0,0,0,1,6
"949",312,1,0,0,0,0,0,4
"950",312,2,447,1,1,0,0,2
"951",312,3,50,1,0,1,0,3
"952",312,4,3,1,0,0,1,6
"953",313,1,0,0,0,0,0,4
"954",313,2,91,1,1,0,0,3
"955",313,3,401,1,0,1,0,2
"956",313,4,8,1,0,0,1,6
"957",314,1,9,1,0,0,0,5
"958",314,2,109,1,1,0,0,3
"959",314,3,0,0,0,1,0,6
"960",314,4,382,1,0,0,1,2
"961",315,1,9,1,0,0,0,5
"962",315,2,452,1,1,0,0,3
"963",315,3,39,1,0,1,0,4
"964",315,4,0,0,0,0,1,2
"965",316,1,51,1,0,0,0,3
"966",316,2,0,0,1,0,0,6
"967",316,3,38,1,0,1,0,4
"968",316,4,411,1,0,0,1,2
"969",317,1,370,1,0,0,0,2
"970",317,2,110,1,1,0,0,3
"971",317,3,20,1,0,1,0,4
"972",317,4,0,0,0,0,1,5
"973",318,1,29,1,0,0,0,5
"974",318,2,0,0,1,0,0,6
"975",318,3,68,1,0,1,0,4
"976",318,4,403,1,0,0,1,3
"977",319,1,0,0,0,0,0,2
"978",319,2,57,1,1,0,0,6
"979",319,3,406,1,0,1,0,4
"980",319,4,37,1,0,0,1,5
"985",320,1,0,0,0,0,0,3
"986",320,2,62,1,1,0,0,4
"987",320,3,433,1,0,1,0,2
"988",320,4,5,1,0,0,1,5
"989",321,1,26,1,0,0,0,5
"990",321,2,55,1,1,0,0,6
"991",321,3,0,0,0,1,0,2
"992",321,4,419,1,0,0,1,3
"993",322,1,40,1,0,0,0,4
"994",322,2,0,0,1,0,0,6
"995",322,3,436,1,0,1,0,3
"996",322,4,24,1,0,0,1,5
"997",323,1,20,1,0,0,0,5
"998",323,2,464,1,1,0,0,4
"999",323,3,16,1,0,1,0,6
"1000",323,4,0,0,0,0,1,2
"1001",324,1,2,1,0,0,0,5
"1002",324,2,450,1,1,0,0,2
"1003",324,3,48,1,0,1,0,3
"1004",324,4,0,0,0,0,1,4
"1005",325,1,0,0,0,0,0,6
"1006",325,2,96,1,1,0,0,4
"1007",325,3,392,1,0,1,0,3
"1008",325,4,12,1,0,0,1,5
"1009",326,1,30,1,0,0,0,3
"1010",326,2,65,1,1,0,0,4
"1011",326,3,0,0,0,1,0,6
"1012",326,4,405,1,0,0,1,2
"1013",327,1,5,1,0,0,0,6
"1014",327,2,461,1,1,0,0,2
"1015",327,3,0,0,0,1,0,4
"1016",327,4,34,1,0,0,1,3
"1017",328,1,16,1,0,0,0,6
"1018",328,2,0,0,1,0,0,2
"1019",328,3,48,1,0,1,0,5
"1020",328,4,436,1,0,0,1,3
"1021",329,1,11,1,0,0,0,5
"1022",329,2,0,0,1,0,0,4
"1023",329,3,485,1,0,1,0,2
"1024",329,4,4,1,0,0,1,6
"1029",330,1,415,1,0,0,0,2
"1030",330,2,45,1,1,0,0,6
"1031",330,3,40,1,0,1,0,4
"1032",330,4,0,0,0,0,1,5
"1033",331,1,52,1,0,0,0,3
"1034",331,2,0,0,1,0,0,4
"1035",331,3,437,1,0,1,0,2
"1036",331,4,11,1,0,0,1,6
"1037",332,1,8,1,0,0,0,5
"1038",332,2,454,1,1,0,0,3
"1039",332,3,0,0,0,1,0,6
"1040",332,4,38,1,0,0,1,4
"1041",333,1,8,1,0,0,0,5
"1042",333,2,485,1,1,0,0,2
"1043",333,3,7,1,0,1,0,6
"1044",333,4,0,0,0,0,1,3
"1045",334,1,7,1,0,0,0,5
"1046",334,2,489,1,1,0,0,2
"1047",334,3,0,0,0,1,0,3
"1048",334,4,4,1,0,0,1,6
"1049",335,1,1,1,0,0,0,6
"1050",335,2,457,1,1,0,0,2
"1051",335,3,42,1,0,1,0,3
"1052",335,4,0,0,0,0,1,4
"1053",336,1,14,1,0,0,0,5
"1054",336,2,479,1,1,0,0,3
"1055",336,3,0,0,0,1,0,4
"1056",336,4,7,1,0,0,1,6
"1057",337,1,37,1,0,0,0,3
"1058",337,2,37,1,1,0,0,5
"1059",337,3,426,1,0,1,0,2
"1060",337,4,0,0,0,0,1,6
"1061",338,1,400,1,0,0,0,3
"1062",338,2,0,0,1,0,0,2
"1063",338,3,89,1,0,1,0,4
"1064",338,4,11,1,0,0,1,6
"1065",339,1,0,0,0,0,0,2
"1066",339,2,106,1,1,0,0,5
"1067",339,3,380,1,0,1,0,4
"1068",339,4,14,1,0,0,1,6
"1073",340,1,21,1,0,0,0,4
"1074",340,2,464,1,1,0,0,3
"1075",340,3,0,0,0,1,0,2
"1076",340,4,15,1,0,0,1,5
"1077",341,1,9,1,0,0,0,6
"1078",341,2,0,0,1,0,0,5
"1079",341,3,87,1,0,1,0,3
"1080",341,4,404,1,0,0,1,2
"1081",342,1,50,1,0,0,0,3
"1082",342,2,0,0,1,0,0,6
"1083",342,3,29,1,0,1,0,5
"1084",342,4,421,1,0,0,1,2
"1085",343,1,0,0,0,0,0,6
"1086",343,2,106,1,1,0,0,4
"1087",343,3,381,1,0,1,0,3
"1088",343,4,13,1,0,0,1,5
"1089",344,1,11,1,0,0,0,6
"1090",344,2,65,1,1,0,0,5
"1091",344,3,0,0,0,1,0,4
"1092",344,4,424,1,0,0,1,2
"1093",345,1,0,0,0,0,0,3
"1094",345,2,63,1,1,0,0,6
"1095",345,3,395,1,0,1,0,4
"1096",345,4,42,1,0,0,1,5
"1097",346,1,22,1,0,0,0,4
"1098",346,2,0,0,1,0,0,5
"1099",346,3,430,1,0,1,0,2
"1100",346,4,48,1,0,0,1,3
"1101",347,1,407,1,0,0,0,3
"1102",347,2,80,1,1,0,0,5
"1103",347,3,0,0,0,1,0,2
"1104",347,4,13,1,0,0,1,6
"1105",348,1,406,1,0,0,0,2
"1106",348,2,0,0,1,0,0,4
"1107",348,3,23,1,0,1,0,5
"1108",348,4,71,1,0,0,1,3
"1109",349,1,0,0,0,0,0,2
"1110",349,2,482,1,1,0,0,3
"1111",349,3,11,1,0,1,0,5
"1112",349,4,7,1,0,0,1,6
"1117",350,1,15,1,0,0,0,5
"1118",350,2,0,0,1,0,0,6
"1119",350,3,44,1,0,1,0,4
"1120",350,4,441,1,0,0,1,2
"1121",351,1,29,1,0,0,0,4
"1122",351,2,0,0,1,0,0,5
"1123",351,3,462,1,0,1,0,2
"1124",351,4,9,1,0,0,1,6
"1125",352,1,398,1,0,0,0,3
"1126",352,2,0,0,1,0,0,5
"1127",352,3,28,1,0,1,0,6
"1128",352,4,74,1,0,0,1,4
"1129",353,1,377,1,0,0,0,2
"1130",353,2,51,1,1,0,0,5
"1131",353,3,0,0,0,1,0,4
"1132",353,4,72,1,0,0,1,3
"1133",354,1,0,0,0,0,0,3
"1134",354,2,485,1,1,0,0,2
"1135",354,3,8,1,0,1,0,5
"1136",354,4,7,1,0,0,1,4
"1137",355,1,8,1,0,0,0,6
"1138",355,2,0,0,1,0,0,4
"1139",355,3,424,1,0,1,0,2
"1140",355,4,68,1,0,0,1,3
"1141",356,1,6,1,0,0,0,5
"1142",356,2,489,1,1,0,0,2
"1143",356,3,0,0,0,1,0,4
"1144",356,4,5,1,0,0,1,6
"1145",357,1,0,0,0,0,0,3
"1146",357,2,482,1,1,0,0,2
"1147",357,3,14,1,0,1,0,5
"1148",357,4,4,1,0,0,1,4
"1149",358,1,0,0,0,0,0,3
"1150",358,2,64,1,1,0,0,5
"1151",358,3,13,1,0,1,0,6
"1152",358,4,423,1,0,0,1,2
"1153",359,1,372,1,0,0,0,2
"1154",359,2,118,1,1,0,0,3
"1155",359,3,0,0,0,1,0,5
"1156",359,4,10,1,0,0,1,4
"1161",360,1,6,1,0,0,0,6
"1162",360,2,491,1,1,0,0,3
"1163",360,3,0,0,0,1,0,4
"1164",360,4,3,1,0,0,1,5
"1165",361,1,439,1,0,0,0,2
"1166",361,2,48,1,1,0,0,6
"1167",361,3,0,0,0,1,0,4
"1168",361,4,13,1,0,0,1,5
"1169",362,1,361,1,0,0,0,3
"1170",362,2,126,1,1,0,0,4
"1171",362,3,0,0,0,1,0,6
"1172",362,4,13,1,0,0,1,5
"1173",363,1,0,0,0,0,0,6
"1174",363,2,50,1,1,0,0,5
"1175",363,3,54,1,0,1,0,3
"1176",363,4,396,1,0,0,1,2
"1177",364,1,0,0,0,0,0,4
"1178",364,2,23,1,1,0,0,6
"1179",364,3,426,1,0,1,0,2
"1180",364,4,51,1,0,0,1,3
"1181",365,1,0,0,0,0,0,6
"1182",365,2,457,1,1,0,0,3
"1183",365,3,33,1,0,1,0,4
"1184",365,4,10,1,0,0,1,5
"1185",366,1,383,1,0,0,0,2
"1186",366,2,54,1,1,0,0,5
"1187",366,3,0,0,0,1,0,4
"1188",366,4,63,1,0,0,1,3
"1189",367,1,1,1,0,0,0,6
"1190",367,2,451,1,1,0,0,2
"1191",367,3,48,1,0,1,0,3
"1192",367,4,0,0,0,0,1,5
"1193",368,1,0,0,0,0,0,3
"1194",368,2,481,1,1,0,0,2
"1195",368,3,12,1,0,1,0,5
"1196",368,4,7,1,0,0,1,6
"1197",369,1,404,1,0,0,0,3
"1198",369,2,57,1,1,0,0,6
"1199",369,3,39,1,0,1,0,5
"1200",369,4,0,0,0,0,1,2
"1205",370,1,39,1,0,0,0,3
"1206",370,2,50,1,1,0,0,5
"1207",370,3,0,0,0,1,0,4
"1208",370,4,411,1,0,0,1,2
"1209",371,1,376,1,0,0,0,4
"1210",371,2,66,1,1,0,0,6
"1211",371,3,58,1,0,1,0,5
"1212",371,4,0,0,0,0,1,2
"1213",372,1,0,0,0,0,0,3
"1214",372,2,485,1,1,0,0,2
"1215",372,3,8,1,0,1,0,5
"1216",372,4,7,1,0,0,1,6
"1217",373,1,34,1,0,0,0,4
"1218",373,2,0,0,1,0,0,3
"1219",373,3,18,1,0,1,0,6
"1220",373,4,448,1,0,0,1,2
"1221",374,1,0,0,0,0,0,3
"1222",374,2,73,1,1,0,0,4
"1223",374,3,416,1,0,1,0,2
"1224",374,4,11,1,0,0,1,5
"1225",375,1,22,1,0,0,0,4
"1226",375,2,0,0,1,0,0,5
"1227",375,3,18,1,0,1,0,6
"1228",375,4,460,1,0,0,1,2
"1229",376,1,0,0,0,0,0,3
"1230",376,2,64,1,1,0,0,4
"1231",376,3,428,1,0,1,0,2
"1232",376,4,8,1,0,0,1,5
"1233",377,1,399,1,0,0,0,3
"1234",377,2,86,1,1,0,0,5
"1235",377,3,15,1,0,1,0,6
"1236",377,4,0,0,0,0,1,2
"1237",378,1,46,1,0,0,0,4
"1238",378,2,67,1,1,0,0,5
"1239",378,3,0,0,0,1,0,6
"1240",378,4,387,1,0,0,1,3
"1241",379,1,22,1,0,0,0,4
"1242",379,2,0,0,1,0,0,6
"1243",379,3,82,1,0,1,0,3
"1244",379,4,396,1,0,0,1,2
"1249",380,1,399,1,0,0,0,3
"1250",380,2,86,1,1,0,0,5
"1251",380,3,15,1,0,1,0,6
"1252",380,4,0,0,0,0,1,2
"1253",381,1,26,1,0,0,0,5
"1254",381,2,0,0,1,0,0,6
"1255",381,3,76,1,0,1,0,4
"1256",381,4,398,1,0,0,1,3
"1257",382,1,2,1,0,0,0,6
"1258",382,2,491,1,1,0,0,2
"1259",382,3,7,1,0,1,0,5
"1260",382,4,0,0,0,0,1,3
"1261",383,1,357,1,0,0,0,3
"1262",383,2,131,1,1,0,0,4
"1263",383,3,0,0,0,1,0,6
"1264",383,4,12,1,0,0,1,5
"1265",384,1,378,1,0,0,0,3
"1266",384,2,114,1,1,0,0,4
"1267",384,3,0,0,0,1,0,2
"1268",384,4,8,1,0,0,1,6
"1269",385,1,0,0,0,0,0,5
"1270",385,2,99,1,1,0,0,3
"1271",385,3,397,1,0,1,0,2
"1272",385,4,4,1,0,0,1,6
"1273",386,1,17,1,0,0,0,5
"1274",386,2,0,0,1,0,0,6
"1275",386,3,428,1,0,1,0,3
"1276",386,4,55,1,0,0,1,4
"1277",387,1,0,0,0,0,0,2
"1278",387,2,449,1,1,0,0,4
"1279",387,3,19,1,0,1,0,6
"1280",387,4,32,1,0,0,1,5
"1281",388,1,416,1,0,0,0,2
"1282",388,2,51,1,1,0,0,5
"1283",388,3,33,1,0,1,0,4
"1284",388,4,0,0,0,0,1,3
"1285",389,1,0,0,0,0,0,5
"1286",389,2,484,1,1,0,0,2
"1287",389,3,7,1,0,1,0,6
"1288",389,4,9,1,0,0,1,4
"1293",390,1,0,0,0,0,0,6
"1294",390,2,61,1,1,0,0,4
"1295",390,3,55,1,0,1,0,3
"1296",390,4,384,1,0,0,1,2
"1297",391,1,28,1,0,0,0,4
"1298",391,2,0,0,1,0,0,5
"1299",391,3,463,1,0,1,0,2
"1300",391,4,9,1,0,0,1,6
"1301",392,1,20,1,0,0,0,5
"1302",392,2,0,0,1,0,0,6
"1303",392,3,35,1,0,1,0,4
"1304",392,4,445,1,0,0,1,2
"1305",393,1,0,0,0,0,0,6
"1306",393,2,451,1,1,0,0,2
"1307",393,3,35,1,0,1,0,3
"1308",393,4,14,1,0,0,1,4
"1309",394,1,402,1,0,0,0,2
"1310",394,2,62,1,1,0,0,5
"1311",394,3,0,0,0,1,0,6
"1312",394,4,36,1,0,0,1,4
"1313",395,1,0,0,0,0,0,4
"1314",395,2,26,1,1,0,0,6
"1315",395,3,74,1,0,1,0,3
"1316",395,4,400,1,0,0,1,2
"1317",396,1,27,1,0,0,0,3
"1318",396,2,466,1,1,0,0,2
"1319",396,3,7,1,0,1,0,6
"1320",396,4,0,0,0,0,1,5
"1321",397,1,21,1,0,0,0,4
"1322",397,2,48,1,1,0,0,5
"1323",397,3,431,1,0,1,0,2
"1324",397,4,0,0,0,0,1,6
"1325",398,1,409,1,0,0,0,2
"1326",398,2,82,1,1,0,0,4
"1327",398,3,0,0,0,1,0,6
"1328",398,4,9,1,0,0,1,5
"1329",399,1,1,1,0,0,0,6
"1330",399,2,451,1,1,0,0,2
"1331",399,3,48,1,0,1,0,3
"1332",399,4,0,0,0,0,1,5
"1341",400,1,1,1,0,0,0,6
"1342",400,2,118,1,1,0,0,3
"1343",400,3,0,0,0,1,0,5
"1344",400,4,381,1,0,0,1,2
"1345",401,1,0,0,0,0,0,3
"1346",401,2,478,1,1,0,0,2
"1347",401,3,6,1,0,1,0,6
"1348",401,4,16,1,0,0,1,4
"1349",402,1,37,1,0,0,0,3
"1350",402,2,24,1,1,0,0,6
"1351",402,3,439,1,0,1,0,2
"1352",402,4,0,0,0,0,1,4
"1353",403,1,375,1,0,0,0,4
"1354",403,2,116,1,1,0,0,5
"1355",403,3,0,0,0,1,0,3
"1356",403,4,9,1,0,0,1,6
"1357",404,1,434,1,0,0,0,2
"1358",404,2,40,1,1,0,0,6
"1359",404,3,0,0,0,1,0,5
"1360",404,4,26,1,0,0,1,4
"1361",405,1,39,1,0,0,0,3
"1362",405,2,0,0,1,0,0,5
"1363",405,3,450,1,0,1,0,2
"1364",405,4,11,1,0,0,1,6
"1365",406,1,390,1,0,0,0,3
"1366",406,2,62,1,1,0,0,6
"1367",406,3,0,0,0,1,0,2
"1368",406,4,48,1,0,0,1,4
"1369",407,1,48,1,0,0,0,5
"1370",407,2,0,0,1,0,0,2
"1371",407,3,437,1,0,1,0,4
"1372",407,4,15,1,0,0,1,6
"1373",408,1,8,1,0,0,0,5
"1374",408,2,108,1,1,0,0,3
"1375",408,3,0,0,0,1,0,6
"1376",408,4,384,1,0,0,1,2
"1377",409,1,352,1,0,0,0,3
"1378",409,2,133,1,1,0,0,4
"1379",409,3,0,0,0,1,0,6
"1380",409,4,15,1,0,0,1,5
"1385",410,1,380,1,0,0,0,2
"1386",410,2,70,1,1,0,0,4
"1387",410,3,0,0,0,1,0,6
"1388",410,4,50,1,0,0,1,3
"1389",411,1,401,1,0,0,0,3
"1390",411,2,0,0,1,0,0,6
"1391",411,3,41,1,0,1,0,5
"1392",411,4,58,1,0,0,1,4
"1393",412,1,402,1,0,0,0,2
"1394",412,2,80,1,1,0,0,4
"1395",412,3,18,1,0,1,0,6
"1396",412,4,0,0,0,0,1,3
"1397",413,1,26,1,0,0,0,3
"1398",413,2,460,1,1,0,0,2
"1399",413,3,0,0,0,1,0,5
"1400",413,4,14,1,0,0,1,4
"1401",414,1,53,1,0,0,0,3
"1402",414,2,0,0,1,0,0,4
"1403",414,3,439,1,0,1,0,2
"1404",414,4,8,1,0,0,1,6
"1405",415,1,27,1,0,0,0,3
"1406",415,2,466,1,1,0,0,2
"1407",415,3,0,0,0,1,0,5
"1408",415,4,7,1,0,0,1,6
"1409",416,1,0,0,0,0,0,6
"1410",416,2,60,1,1,0,0,4
"1411",416,3,429,1,0,1,0,2
"1412",416,4,11,1,0,0,1,5
"1413",417,1,55,1,0,0,0,3
"1414",417,2,24,1,1,0,0,6
"1415",417,3,421,1,0,1,0,2
"1416",417,4,0,0,0,0,1,4
"1417",418,1,354,1,0,0,0,4
"1418",418,2,124,1,1,0,0,5
"1419",418,3,0,0,0,1,0,3
"1420",418,4,22,1,0,0,1,6
"1421",419,1,0,0,0,0,0,5
"1422",419,2,454,1,1,0,0,3
"1423",419,3,40,1,0,1,0,4
"1424",419,4,6,1,0,0,1,6
"1429",420,1,40,1,0,0,0,3
"1430",420,2,57,1,1,0,0,5
"1431",420,3,0,0,0,1,0,4
"1432",420,4,403,1,0,0,1,2
"1433",421,1,448,1,0,0,0,3
"1434",421,2,0,0,1,0,0,4
"1435",421,3,25,1,0,1,0,6
"1436",421,4,27,1,0,0,1,5
"1437",422,1,24,1,0,0,0,3
"1438",422,2,471,1,1,0,0,2
"1439",422,3,0,0,0,1,0,5
"1440",422,4,5,1,0,0,1,6
"1441",423,1,12,1,0,0,0,5
"1442",423,2,0,0,1,0,0,4
"1443",423,3,428,1,0,1,0,2
"1444",423,4,60,1,0,0,1,3
"1445",424,1,51,1,0,0,0,3
"1446",424,2,52,1,1,0,0,5
"1447",424,3,0,0,0,1,0,6
"1448",424,4,397,1,0,0,1,2
"1449",425,1,0,0,0,0,0,3
"1450",425,2,62,1,1,0,0,6
"1451",425,3,61,1,0,1,0,5
"1452",425,4,377,1,0,0,1,4
"1453",426,1,0,0,0,0,0,5
"1454",426,2,440,1,1,0,0,2
"1455",426,3,49,1,0,1,0,3
"1456",426,4,11,1,0,0,1,4
"1457",427,1,40,1,0,0,0,5
"1458",427,2,67,1,1,0,0,6
"1459",427,3,0,0,0,1,0,3
"1460",427,4,393,1,0,0,1,4
"1461",428,1,30,1,0,0,0,4
"1462",428,2,54,1,1,0,0,5
"1463",428,3,416,1,0,1,0,3
"1464",428,4,0,0,0,0,1,6
"1465",429,1,51,1,0,0,0,3
"1466",429,2,0,0,1,0,0,4
"1467",429,3,19,1,0,1,0,6
"1468",429,4,430,1,0,0,1,2
"1473",430,1,3,1,0,0,0,5
"1474",430,2,495,1,1,0,0,2
"1475",430,3,0,0,0,1,0,4
"1476",430,4,2,1,0,0,1,6
"1477",431,1,19,1,0,0,0,5
"1478",431,2,0,0,1,0,0,6
"1479",431,3,72,1,0,1,0,4
"1480",431,4,409,1,0,0,1,3
"1481",432,1,10,1,0,0,0,6
"1482",432,2,0,0,1,0,0,2
"1483",432,3,428,1,0,1,0,3
"1484",432,4,62,1,0,0,1,4
"1485",433,1,0,0,0,0,0,5
"1486",433,2,60,1,1,0,0,4
"1487",433,3,431,1,0,1,0,2
"1488",433,4,9,1,0,0,1,6
"1489",434,1,12,1,0,0,0,5
"1490",434,2,50,1,1,0,0,6
"1491",434,3,0,0,0,1,0,3
"1492",434,4,438,1,0,0,1,2
"1493",435,1,26,1,0,0,0,3
"1494",435,2,459,1,1,0,0,2
"1495",435,3,15,1,0,1,0,4
"1496",435,4,0,0,0,0,1,6
"1497",436,1,393,1,0,0,0,3
"1498",436,2,0,0,1,0,0,5
"1499",436,3,90,1,0,1,0,4
"1500",436,4,17,1,0,0,1,6
"1501",437,1,44,1,0,0,0,3
"1502",437,2,0,0,1,0,0,6
"1503",437,3,445,1,0,1,0,2
"1504",437,4,11,1,0,0,1,5
"1505",438,1,399,1,0,0,0,2
"1506",438,2,89,1,1,0,0,4
"1507",438,3,0,0,0,1,0,6
"1508",438,4,12,1,0,0,1,5
"1509",439,1,395,1,0,0,0,2
"1510",439,2,0,0,1,0,0,5
"1511",439,3,75,1,0,1,0,3
"1512",439,4,30,1,0,0,1,4
"1517",440,1,30,1,0,0,0,4
"1518",440,2,0,0,1,0,0,6
"1519",440,3,33,1,0,1,0,5
"1520",440,4,437,1,0,0,1,2
"1521",441,1,23,1,0,0,0,4
"1522",441,2,29,1,1,0,0,6
"1523",441,3,448,1,0,1,0,2
"1524",441,4,0,0,0,0,1,5
"1525",442,1,17,1,0,0,0,4
"1526",442,2,0,0,1,0,0,6
"1527",442,3,425,1,0,1,0,2
"1528",442,4,58,1,0,0,1,3
"1529",443,1,9,1,0,0,0,6
"1530",443,2,120,1,1,0,0,4
"1531",443,3,0,0,0,1,0,5
"1532",443,4,371,1,0,0,1,3
"1533",444,1,21,1,0,0,0,4
"1534",444,2,0,0,1,0,0,3
"1535",444,3,463,1,0,1,0,2
"1536",444,4,16,1,0,0,1,5
"1537",445,1,29,1,0,0,0,5
"1538",445,2,0,0,1,0,0,4
"1539",445,3,17,1,0,1,0,6
"1540",445,4,454,1,0,0,1,3
"1541",446,1,440,1,0,0,0,2
"1542",446,2,0,0,1,0,0,6
"1543",446,3,46,1,0,1,0,4
"1544",446,4,14,1,0,0,1,5
"1545",447,1,18,1,0,0,0,4
"1546",447,2,38,1,1,0,0,6
"1547",447,3,444,1,0,1,0,2
"1548",447,4,0,0,0,0,1,3
"1549",448,1,432,1,0,0,0,2
"1550",448,2,56,1,1,0,0,5
"1551",448,3,12,1,0,1,0,6
"1552",448,4,0,0,0,0,1,3
"1553",449,1,11,1,0,0,0,4
"1554",449,2,478,1,1,0,0,2
"1555",449,3,11,1,0,1,0,5
"1556",449,4,0,0,0,0,1,3
"1561",450,1,0,0,0,0,0,2
"1562",450,2,448,1,1,0,0,3
"1563",450,3,45,1,0,1,0,4
"1564",450,4,7,1,0,0,1,5
"1565",451,1,377,1,0,0,0,3
"1566",451,2,72,1,1,0,0,5
"1567",451,3,0,0,0,1,0,2
"1568",451,4,51,1,0,0,1,4
"1569",452,1,30,1,0,0,0,3
"1570",452,2,466,1,1,0,0,2
"1571",452,3,4,1,0,1,0,6
"1572",452,4,0,0,0,0,1,4
"1573",453,1,22,1,0,0,0,5
"1574",453,2,470,1,1,0,0,4
"1575",453,3,8,1,0,1,0,6
"1576",453,4,0,0,0,0,1,2
"1577",454,1,385,1,0,0,0,3
"1578",454,2,55,1,1,0,0,6
"1579",454,3,0,0,0,1,0,2
"1580",454,4,60,1,0,0,1,4
"1581",455,1,41,1,0,0,0,4
"1582",455,2,0,0,1,0,0,2
"1583",455,3,36,1,0,1,0,5
"1584",455,4,423,1,0,0,1,3
"1585",456,1,0,0,0,0,0,5
"1586",456,2,488,1,1,0,0,2
"1587",456,3,4,1,0,1,0,6
"1588",456,4,8,1,0,0,1,4
"1589",457,1,21,1,0,0,0,5
"1590",457,2,41,1,1,0,0,6
"1591",457,3,438,1,0,1,0,3
"1592",457,4,0,0,0,0,1,4
"1593",458,1,12,1,0,0,0,6
"1594",458,2,0,0,1,0,0,3
"1595",458,3,52,1,0,1,0,4
"1596",458,4,436,1,0,0,1,2
"1597",459,1,55,1,0,0,0,5
"1598",459,2,0,0,1,0,0,2
"1599",459,3,31,1,0,1,0,6
"1600",459,4,414,1,0,0,1,4
"1605",460,1,404,1,0,0,0,3
"1606",460,2,52,1,1,0,0,6
"1607",460,3,44,1,0,1,0,5
"1608",460,4,0,0,0,0,1,4
"1609",461,1,0,0,0,0,0,3
"1610",461,2,60,1,1,0,0,4
"1611",461,3,427,1,0,1,0,2
"1612",461,4,13,1,0,0,1,5
"1613",462,1,24,1,0,0,0,4
"1614",462,2,0,0,1,0,0,5
"1615",462,3,465,1,0,1,0,2
"1616",462,4,11,1,0,0,1,6
"1617",463,1,0,0,0,0,0,3
"1618",463,2,43,1,1,0,0,5
"1619",463,3,435,1,0,1,0,2
"1620",463,4,22,1,0,0,1,4
"1621",464,1,408,1,0,0,0,2
"1622",464,2,77,1,1,0,0,4
"1623",464,3,0,0,0,1,0,3
"1624",464,4,15,1,0,0,1,5
"1625",465,1,439,1,0,0,0,3
"1626",465,2,0,0,1,0,0,4
"1627",465,3,32,1,0,1,0,6
"1628",465,4,29,1,0,0,1,5
"1629",466,1,16,1,0,0,0,6
"1630",466,2,0,0,1,0,0,4
"1631",466,3,33,1,0,1,0,5
"1632",466,4,451,1,0,0,1,2
"1633",467,1,0,0,0,0,0,4
"1634",467,2,55,1,1,0,0,5
"1635",467,3,57,1,0,1,0,3
"1636",467,4,388,1,0,0,1,2
"1637",468,1,16,1,0,0,0,5
"1638",468,2,0,0,1,0,0,2
"1639",468,3,74,1,0,1,0,4
"1640",468,4,410,1,0,0,1,3
"1641",469,1,25,1,0,0,0,3
"1642",469,2,468,1,1,0,0,2
"1643",469,3,7,1,0,1,0,6
"1644",469,4,0,0,0,0,1,5
"1649",470,1,0,0,0,0,0,2
"1650",470,2,38,1,1,0,0,6
"1651",470,3,65,1,0,1,0,4
"1652",470,4,397,1,0,0,1,3
"1653",471,1,0,0,0,0,0,6
"1654",471,2,112,1,1,0,0,3
"1655",471,3,13,1,0,1,0,5
"1656",471,4,375,1,0,0,1,2
"1657",472,1,364,1,0,0,0,4
"1658",472,2,119,1,1,0,0,5
"1659",472,3,17,1,0,1,0,6
"1660",472,4,0,0,0,0,1,3
"1661",473,1,10,1,0,0,0,4
"1662",473,2,453,1,1,0,0,2
"1663",473,3,37,1,0,1,0,3
"1664",473,4,0,0,0,0,1,5
"1665",474,1,0,0,0,0,0,4
"1666",474,2,124,1,1,0,0,3
"1667",474,3,10,1,0,1,0,6
"1668",474,4,366,1,0,0,1,2
"1669",475,1,17,1,0,0,0,6
"1670",475,2,0,0,1,0,0,3
"1671",475,3,35,1,0,1,0,5
"1672",475,4,448,1,0,0,1,2
"1673",476,1,0,0,0,0,0,5
"1674",476,2,460,1,1,0,0,2
"1675",476,3,34,1,0,1,0,3
"1676",476,4,6,1,0,0,1,4
"1677",477,1,0,0,0,0,0,6
"1678",477,2,45,1,1,0,0,5
"1679",477,3,47,1,0,1,0,3
"1680",477,4,408,1,0,0,1,2
"1681",478,1,7,1,0,0,0,6
"1682",478,2,478,1,1,0,0,3
"1683",478,3,15,1,0,1,0,5
"1684",478,4,0,0,0,0,1,4
"1685",479,1,13,1,0,0,0,6
"1686",479,2,0,0,1,0,0,5
"1687",479,3,430,1,0,1,0,3
"1688",479,4,57,1,0,0,1,4
"1693",480,1,426,1,0,0,0,2
"1694",480,2,48,1,1,0,0,6
"1695",480,3,0,0,0,1,0,5
"1696",480,4,26,1,0,0,1,4
"1697",481,1,377,1,0,0,0,4
"1698",481,2,75,1,1,0,0,6
"1699",481,3,0,0,0,1,0,2
"1700",481,4,48,1,0,0,1,5
"1701",482,1,0,0,0,0,0,5
"1702",482,2,62,1,1,0,0,4
"1703",482,3,405,1,0,1,0,2
"1704",482,4,33,1,0,0,1,3
"1705",483,1,0,0,0,0,0,4
"1706",483,2,446,1,1,0,0,2
"1707",483,3,49,1,0,1,0,3
"1708",483,4,5,1,0,0,1,5
"1709",484,1,0,0,0,0,0,6
"1710",484,2,114,1,1,0,0,4
"1711",484,3,11,1,0,1,0,5
"1712",484,4,375,1,0,0,1,3
"1713",485,1,0,0,0,0,0,4
"1714",485,2,30,1,1,0,0,6
"1715",485,3,59,1,0,1,0,3
"1716",485,4,411,1,0,0,1,2
"1717",486,1,0,0,0,0,0,6
"1718",486,2,68,1,1,0,0,4
"1719",486,3,20,1,0,1,0,5
"1720",486,4,412,1,0,0,1,2
"1721",487,1,4,1,0,0,0,6
"1722",487,2,0,0,1,0,0,4
"1723",487,3,437,1,0,1,0,2
"1724",487,4,59,1,0,0,1,3
"1725",488,1,41,1,0,0,0,4
"1726",488,2,0,0,1,0,0,5
"1727",488,3,443,1,0,1,0,3
"1728",488,4,16,1,0,0,1,6
"1729",489,1,0,0,0,0,0,3
"1730",489,2,484,1,1,0,0,2
"1731",489,3,10,1,0,1,0,6
"1732",489,4,6,1,0,0,1,4
"1737",490,1,4,1,0,0,0,6
"1738",490,2,464,1,1,0,0,3
"1739",490,3,0,0,0,1,0,5
"1740",490,4,32,1,0,0,1,4
"1741",491,1,430,1,0,0,0,2
"1742",491,2,42,1,1,0,0,6
"1743",491,3,28,1,0,1,0,5
"1744",491,4,0,0,0,0,1,3
"1745",492,1,6,1,0,0,0,6
"1746",492,2,473,1,1,0,0,3
"1747",492,3,21,1,0,1,0,5
"1748",492,4,0,0,0,0,1,2
"1749",493,1,18,1,0,0,0,5
"1750",493,2,0,0,1,0,0,2
"1751",493,3,75,1,0,1,0,4
"1752",493,4,407,1,0,0,1,3
"1753",494,1,37,1,0,0,0,5
"1754",494,2,71,1,1,0,0,6
"1755",494,3,0,0,0,1,0,2
"1756",494,4,392,1,0,0,1,4
"1757",495,1,21,1,0,0,0,4
"1758",495,2,40,1,1,0,0,6
"1759",495,3,0,0,0,1,0,3
"1760",495,4,439,1,0,0,1,2
"1761",496,1,19,1,0,0,0,3
"1762",496,2,464,1,1,0,0,2
"1763",496,3,17,1,0,1,0,4
"1764",496,4,0,0,0,0,1,6
"1765",497,1,4,1,0,0,0,5
"1766",497,2,494,1,1,0,0,2
"1767",497,3,0,0,0,1,0,3
"1768",497,4,2,1,0,0,1,6
"1769",498,1,0,0,0,0,0,2
"1770",498,2,32,1,1,0,0,6
"1771",498,3,75,1,0,1,0,4
"1772",498,4,393,1,0,0,1,3
"1773",499,1,4,1,0,0,0,5
"1774",499,2,459,1,1,0,0,2
"1775",499,3,0,0,0,1,0,4
"1776",499,4,37,1,0,0,1,3
"1785",500,1,0,0,0,0,0,2
"1786",500,2,103,1,1,0,0,5
"1787",500,3,18,1,0,1,0,6
"1788",500,4,379,1,0,0,1,4
